EducationOnboardingActivity,precise_address_education_letsgo_button
EducationOnboardingActivity,precise_address_education_next_button
EducationOnboardingPresenter,precise_address_education_letsgo_button
EducationOnboardingPresenter,precise_address_education_next_button
EducationOnboardingPagerAdapter,precise_address_education_letsgo_button
EducationOnboardingPagerAdapter,precise_address_education_next_button
EducationOnboardingPagerView,precise_address_education_letsgo_button
EducationOnboardingPagerView,precise_address_education_next_button
EducationOnboardingScreen,precise_address_education_letsgo_button
EducationOnboardingScreen,precise_address_education_next_button
PreciseAddressEducationActivity,empty_state_primary_button
PreciseAddressEducationPresenter,empty_state_primary_button
PreciseAddressEducationScreen,empty_state_primary_button
ArrivalPlaceActivity,arrival
ArrivalPlaceActivity,curated_search_autocomplete_list
AutocompleteActivity,curated_search_autocomplete_list
DeparturePlaceActivity,curated_search_autocomplete_list
AutocompleteActivity,curated_search_autocomplete_list
DepartureTimeActivity,curated_search_time
DepartureTimePresenter,curated_search_time
DepartureTimeScreen,curated_search_time
DepartureTimeActivity,curated_search_time_confirm_button_layout
DepartureTimePresenter,curated_search_time_confirm_button_layout
DepartureTimeScreen,curated_search_time_confirm_button_layout
MapAutocompleteActivity,activity_curated_search_map_autocomplete_sheet_submit_button
ArrivalMapPlaceActivity,activity_curated_search_map_autocomplete_sheet_submit_button
DepartureMapPlaceActivity,activity_curated_search_map_autocomplete_sheet_submit_button
MapAutocompleteActivity,activity_curated_search_map_autocomplete_sheet_education_button
ArrivalPlaceActivity,activity_curated_search_map_autocomplete_sheet_education_buttongv
DepartureMapPlaceActivity,activity_curated_search_map_autocomplete_sheet_education_button
MapAutocompleteActivity,activity_curated_search_map_autocomplete_sheet_results_list
ArrivalMapPlaceActivity,activity_curated_search_map_autocomplete_sheet_results_list
DepartureMapPlaceActivity,activity_curated_search_map_autocomplete_sheet_results_list
TripDetailsActivity,curated_search_trip_info_departure_distance
TripDetailsPresenter,curated_search_trip_info_departure_distance
TripDetailsScreen,curated_search_trip_info_departure_distance
RideOption,curated_search_trip_info_departure_distance
CommunicationScreen,curated_search_trip_info_departure_distance
BucketingEligibilityScreen,curated_search_trip_info_departure_distance
TripSharingScreen,curated_search_trip_info_departure_distance
ReportTripScreen,curated_search_trip_info_departure_distance
TripDetailsActivity,curated_search_trip_info_arrival_distance
TripDetailsPresenter,curated_search_trip_info_arrival_distance
TripDetailsScreen,curated_search_trip_info_arrival_distance
RideOption,curated_search_trip_info_arrival_distance
CommunicationScreen,curated_search_trip_info_arrival_distance
BucketingEligibilityScreen,curated_search_trip_info_arrival_distance
TripSharingScreen,curated_search_trip_info_arrival_distance
ReportTripScreen,curated_search_trip_info_arrival_distance
TripDetailsActivity,curated_search_trip_info_departure_hour
TripDetailsPresenter,curated_search_trip_info_departure_hour
TripDetailsScreen,curated_search_trip_info_departure_hour
RideOption,curated_search_trip_info_departure_hour
CommunicationScreen,curated_search_trip_info_departure_hour
BucketingEligibilityScreen,curated_search_trip_info_departure_hour
TripSharingScreen,curated_search_trip_info_departure_hour
ReportTripScreen,curated_search_trip_info_departure_hour
TripDetailsActivity,curated_search_trip_info_departure_place
TripDetailsPresenter,curated_search_trip_info_departure_place
TripDetailsScreen,curated_search_trip_info_departure_place
RideOption,curated_search_trip_info_departure_place
CommunicationScreen,curated_search_trip_info_departure_place
BucketingEligibilityScreen,curated_search_trip_info_departure_place
TripSharingScreen,curated_search_trip_info_departure_place
ReportTripScreen,curated_search_trip_info_departure_place
TripDetailsActivity,curated_search_trip_info_arrival_place
TripDetailsPresenter,curated_search_trip_info_arrival_place
TripDetailsScreen,curated_search_trip_info_arrival_place
RideOption,curated_search_trip_info_arrival_place
CommunicationScreen,curated_search_trip_info_arrival_place
BucketingEligibilityScreen,curated_search_trip_info_arrival_place
TripSharingScreen,curated_search_trip_info_arrival_place
ReportTripScreen,curated_search_trip_info_arrival_place
TripInfoView,curated_search_trip_details_contact_driver_wrapper
TripInfoPresenter,curated_search_trip_details_contact_driver_wrapper
TripInfoScreen,curated_search_trip_details_contact_driver_wrapper
TripInfoView,curated_search_trip_details_button
TripInfoPresenter,curated_search_trip_details_button
TripInfoScreen,curated_search_trip_details_button
FeedbackActivity,curated_search_feedback_options
FeedbackScreen,curated_search_feedback_options
FeedbackPresenter,curated_search_feedback_options
CuratedSearchResults,curated_search_feedback_options
FeedbackActivity,curated_search_feedback_button
FeedbackScreen,curated_search_feedback_button
FeedbackPresenter,curated_search_feedback_button
CuratedSearchResults,curated_search_feedback_button
